carat,cut,color,clarity,depth,table,price,x,y,z
0.3,Ideal,G,SI2,61.9,57,422,4.28,4.31,2.66
1.01,Ideal,G,VS1,62.7,56,6951,6.4,6.35,4
1.12,Very Good,G,VVS1,60.9,57,8408,6.67,6.72,4.08
1.18,Good,G,SI1,64.2,62,4678,6.6,6.51,4.25
1,Fair,F,SI1,65.8,58,4657,6.23,6.15,4.07
1.21,Good,E,SI1,64.2,58,6708,6.65,6.59,4.25
0.31,Very Good,D,SI1,61.1,57,571,4.35,4.36,2.66
0.71,Very Good,G,VS1,63.3,56,2494,5.67,5.64,3.58
0.31,Very Good,D,SI1,61.7,59,571,4.31,4.35,2.67
1.21,Ideal,J,SI1,62.7,55,5489,6.84,6.79,4.27
0.38,Ideal,H,IF,60,60,1064,4.71,4.76,2.84
1.52,Premium,J,VS1,61.2,59,8216,7.36,7.39,4.51
0.3,Very Good,H,VS1,63.3,57,675,4.25,4.22,2.68
0.42,Ideal,G,SI1,63,55,882,4.81,4.77,3.02
0.52,Ideal,F,VVS2,62.5,57,2064,5.15,5.19,3.23
0.5,Very Good,E,VS2,63.4,59,1629,5.09,5.06,3.22
0.39,Ideal,D,VVS2,61.8,57,1232,4.67,4.71,2.9
0.92,Premium,I,SI1,58.8,59,3545,6.36,6.33,3.73
0.7,Ideal,D,VS1,62.8,53.4,3618,5.64,5.68,3.55
0.59,Very Good,I,VS2,60.3,59,1445,5.41,5.43,3.27
0.23,Good,F,VVS2,64.5,55,425,3.83,3.86,2.48
0.58,Very Good,H,SI1,61.8,56,1219,5.34,5.38,3.31
1.17,Premium,H,SI1,62.6,59,4631,6.78,6.71,4.22
0.34,Good,E,SI1,63.5,55,556,4.44,4.47,2.83
0.5,Ideal,D,SI2,62.4,56,1239,5.06,5.1,3.17
0.7,Very Good,E,SI1,59.9,63,2777,5.76,5.7,3.43
0.3,Ideal,H,VS2,61.9,54.6,486,4.27,4.33,2.67
0.3,Ideal,E,VVS2,62.3,54,742,4.31,4.36,2.7
2.1,Fair,G,I1,64.6,58,6597,8.05,8.01,5.19
1.52,Premium,J,SI1,61,59,6367,7.41,7.35,4.5
1.5,Very Good,H,VVS2,62.9,59,11748,7.26,7.31,4.58
0.3,Ideal,G,VVS2,62.4,57,665,4.27,4.29,2.67
0.34,Ideal,H,VVS1,62.3,54,722,4.46,4.5,2.79
0.5,Fair,F,SI2,65.5,54,1031,5.06,4.92,3.25
1.01,Ideal,D,SI2,62.5,57,5206,6.39,6.35,3.98
0.32,Ideal,D,SI2,59.5,57,477,4.47,4.5,2.67
0.61,Ideal,D,VVS1,62.1,56,4241,5.43,5.46,3.38
0.3,Premium,E,VS2,60.7,59,658,4.3,4.33,2.62
0.32,Very Good,G,VVS1,61.2,59,876,4.41,4.45,2.71
1.56,Very Good,I,SI1,62.9,58,7584,7.31,7.35,4.61
1.02,Very Good,H,SI1,63.7,55,4552,6.31,6.38,4.04
1.11,Premium,H,SI2,61.5,59,4212,6.61,6.56,4.05
0.52,Ideal,G,VVS1,62.1,56,1829,5.15,5.17,3.2
0.29,Ideal,H,IF,62.1,55,607,4.26,4.29,2.65
1.01,Very Good,H,SI1,63.3,56,4669,6.35,6.39,4.03
1.19,Ideal,G,VS1,61.9,55,8034,6.81,6.87,4.22
0.32,Ideal,G,IF,61.2,57,954,4.4,4.43,2.7
1.21,Premium,H,SI1,61.6,61,6505,6.88,6.83,4.22
1.21,Good,J,VS2,61,64,5096,6.89,6.79,4.17
0.7,Very Good,F,SI2,60.9,58,1940,5.7,5.77,3.49
2.02,Very Good,G,SI2,63.1,57,12094,8.01,7.97,5.04
0.53,Ideal,G,SI1,61.1,55,1549,5.24,5.26,3.21
1.32,Premium,F,SI2,60.6,60,6541,7.05,7.1,4.29
0.36,Ideal,H,IF,61.9,57,947,4.55,4.6,2.83
0.4,Premium,F,VS2,61,58,1080,4.79,4.72,2.9
1.01,Ideal,F,VVS2,61.8,56,8532,6.46,6.49,4
0.77,Ideal,D,SI1,62.6,57,2898,5.92,5.81,3.67
1.1,Very Good,D,SI1,60.7,55,6352,6.71,6.74,4.08
0.42,Premium,G,VS1,59.4,59,984,4.9,4.86,2.9
0.91,Premium,D,SI2,61.1,60,4123,6.24,6.29,3.83
0.7,Ideal,H,VS2,61.2,57,3145,5.73,5.77,3.52
0.28,Very Good,G,VS2,62,56,427,4.16,4.19,2.59
0.31,Very Good,F,VS1,61.8,58,592,4.29,4.35,2.67
1.01,Premium,I,SI2,60.5,60,4072,6.52,6.5,3.94
1,Ideal,D,SI2,62.7,58,5246,6.34,6.39,3.99
0.54,Premium,D,VVS1,61.4,57.5,3194,5.25,5.28,3.23
1.52,Very Good,J,VVS2,62.1,60,11392,7.33,7.36,4.56
0.54,Ideal,G,VVS1,62.2,56,2123,5.2,5.22,3.24
0.52,Ideal,E,VVS2,61.8,56,2301,5.16,5.19,3.2
2.01,Premium,J,VS1,60.1,59,15185,8.25,8.18,4.94
0.32,Premium,E,VVS2,59.9,58,1080,4.5,4.45,2.68
0.91,Good,F,VVS2,62.6,61,5225,6.12,6.19,3.85
0.38,Ideal,E,VVS2,60.9,56,1068,4.71,4.68,2.06
0.32,Premium,I,SI1,61.1,59,540,4.42,4.38,2.69
0.55,Ideal,G,VVS2,62,57,2022,5.22,5.26,3.25
0.38,Ideal,G,VVS1,61.9,56,993,4.67,4.7,2.9
0.4,Very Good,E,SI2,61.4,57,666,4.68,4.74,2.89
0.91,Ideal,D,VS2,60.9,57,6444,6.26,6.32,3.83
1.04,Premium,D,SI2,59.8,58,5154,6.61,6.56,3.94
1.2,Ideal,J,SI1,61.9,57,5071,6.8,6.87,4.23
0.72,Ideal,E,SI1,60.8,57,3409,5.77,5.8,3.52
0.79,Very Good,J,VS2,60.8,56,2300,5.98,6.02,3.65
0.71,Very Good,H,VS2,62.6,59,2395,5.66,5.68,3.55
1.22,Ideal,J,VS2,62.1,58,5297,6.82,6.84,4.24
0.3,Premium,E,VS2,62.9,58,844,4.24,4.22,2.66
0.4,Premium,F,VVS2,60.8,59,1088,4.72,4.76,2.88
0.32,Premium,I,VS1,61,60,648,4.47,4.42,2.71
1.71,Premium,H,VS2,58.8,60,12607,7.85,7.8,4.6
0.49,Premium,E,SI2,60.9,57,1011,5.11,5.07,3.1
0.31,Good,G,VS1,63.3,57,583,4.28,4.31,2.72
1.02,Very Good,H,SI1,63.4,57,4884,6.42,6.36,4.05
0.34,Ideal,D,IF,59.8,57,2346,4.59,4.57,2.74
0.91,Premium,H,VS2,59.9,62,4128,6.33,6.26,3.77
0.35,Very Good,D,SI2,62.4,57,487,4.47,4.5,2.8
0.3,Ideal,I,VVS1,62.4,56,709,4.32,4.3,2.69
0.51,Ideal,D,SI1,61.6,56,1687,5.12,5.1,3.15
2.02,Premium,I,SI2,61.1,61,13991,8.11,8.08,4.95
0.32,Premium,G,VS2,62.6,60,720,4.36,4.33,2.72
0.3,Ideal,D,SI1,61.3,57,670,4.34,4.37,2.67
1.21,Good,E,I1,64,57,4201,6.73,6.67,4.29
1.62,Ideal,I,VS1,60.8,56,11152,7.56,7.61,4.62
0.5,Good,J,SI1,59.6,60,959,5.15,5.18,3.08
0.7,Very Good,I,SI2,62.5,58,1580,5.64,5.72,3.55
1.21,Good,I,VS2,64.1,61,5028,6.7,6.66,4.28
0.71,Good,F,VS2,63,59,2320,5.59,5.65,3.54
1.24,Ideal,F,VS2,61.4,57,9073,6.98,6.86,4.25
1.5,Premium,E,SI2,62.7,59,8316,7.3,7.22,4.55
1.28,Premium,G,VS2,62.2,59,9032,6.94,6.89,4.3
0.5,Fair,D,VVS2,67.6,57,1980,4.95,4.84,3.31
0.4,Ideal,G,IF,63.1,54,1239,4.69,4.73,2.97
1.2,Ideal,I,VS2,62.6,57,4844,6.74,6.67,4.2
0.39,Very Good,F,VS2,58.4,62,821,4.76,4.79,2.79
0.53,Very Good,G,VS1,60.9,56,1636,5.24,5.27,3.2
1.01,Very Good,E,SI1,59.9,59,5224,6.46,6.49,3.88
1.02,Premium,I,SI1,60.2,60,3713,6.45,6.39,3.87
0.54,Premium,F,VS2,61.8,58,1786,5.29,5.22,3.25
0.23,Very Good,D,VS2,60.2,57,577,4.02,4.07,2.43
1,Very Good,E,SI1,63.2,57,5396,6.39,6.36,4.03
0.31,Premium,H,VS2,62.4,59,628,4.34,4.31,2.7
0.32,Ideal,F,VS2,61.9,55,773,4.45,4.41,2.74
0.31,Premium,F,VS2,61.8,59,802,4.33,4.31,2.67
0.4,Very Good,H,VS1,62.7,56,807,4.71,4.73,2.96
0.23,Ideal,G,VVS1,61.9,58,536,3.93,3.96,2.44
0.74,Fair,G,VVS2,65.2,58,2959,5.7,5.6,3.69
0.41,Premium,E,SI1,61.3,58,755,4.76,4.8,2.93
1.67,Premium,H,SI2,61.6,57,9625,7.66,7.61,4.7
0.31,Ideal,D,VVS2,61.9,56,982,4.39,4.37,2.71
0.41,Premium,E,VS1,60.7,58,1153,4.83,4.79,2.92
0.8,Very Good,F,SI1,62.6,58,2862,5.9,5.92,3.7
1.54,Very Good,F,VS2,60.8,58,13735,7.43,7.56,4.56
1.09,Ideal,F,VS2,61.2,56,7238,6.68,6.65,4.08
0.7,Very Good,J,SI2,61.7,59,1788,5.64,5.67,3.49
1,Premium,E,SI2,61.4,61,4704,6.41,6.36,3.92
0.33,Ideal,F,VVS1,61.9,54,880,4.42,4.46,2.75
0.3,Ideal,F,VS1,61.7,56,731,4.34,4.32,2.67
1.02,Very Good,F,VS2,61.8,57,6047,6.4,6.44,3.97
0.31,Ideal,D,SI2,62.1,57,593,4.34,4.32,2.69
1.24,Very Good,I,VS1,59.4,58,6754,7.04,7.09,4.2
0.7,Fair,G,I1,67.3,57,956,5.53,5.38,3.68
0.9,Good,I,IF,63.7,64,3734,6.02,6.07,3.85
1.04,Ideal,G,SI2,62,56,4752,6.52,6.49,4.03
1.01,Ideal,G,SI2,62.8,56,4269,6.4,6.44,4.03
0.37,Premium,F,VS2,60.6,58,957,4.67,4.63,2.82
0.35,Ideal,D,SI2,61.8,57,522,4.53,4.57,2.81
0.26,Good,D,VS2,65.2,56,403,3.99,4.02,2.61
0.76,Ideal,I,VS2,61.8,58,2551,5.84,5.87,3.62
0.3,Very Good,F,VS1,60.9,63,704,4.26,4.31,2.61
0.33,Premium,D,VS2,61.2,58,781,4.41,4.44,2.71
0.26,Premium,E,VVS2,60.8,61,724,4.13,4.12,2.51
0.92,Premium,E,SI1,62.2,58,4562,6.18,6.23,3.86
0.7,Good,D,SI1,64.2,60,2298,5.59,5.62,3.6
1.07,Ideal,H,SI2,59.2,57,4314,6.7,6.64,3.95
0.8,Very Good,E,SI2,62.6,59,3070,5.84,5.91,3.68
0.7,Ideal,I,VS2,61.1,57,2111,5.7,5.75,3.5
0.55,Very Good,E,VS2,62.3,61,1669,5.16,5.21,3.23
0.94,Very Good,D,SI2,62,57,3634,6.28,6.34,3.91
0.63,Premium,H,VVS1,61.3,61,2177,5.49,5.44,3.35
0.4,Ideal,E,VVS2,61.8,56,1158,4.74,4.77,2.94
1.04,Very Good,F,SI2,62.8,55,4244,6.41,6.48,4.05
2.02,Fair,J,SI2,67.5,59,9095,7.76,7.65,5.2
0.44,Ideal,E,VVS2,60.9,57,1334,4.95,4.9,3
0.77,Ideal,E,SI2,60.7,55,2834,6.01,5.95,3.63
0.9,Very Good,F,SI2,61.4,57,3519,6.21,6.24,3.82
1.78,Very Good,D,SI2,62.5,57,12981,7.76,7.8,4.86
1.03,Premium,I,SI1,61.6,59,4441,6.49,6.46,3.99
0.59,Ideal,D,SI1,62.5,55,1820,5.35,5.4,3.36
0.7,Ideal,D,VS1,61.9,57,3093,5.69,5.72,3.53
1.04,Ideal,G,VVS2,61.7,56,9465,6.5,6.54,4.02
1.07,Ideal,H,SI1,61.5,56,5065,6.6,6.66,4.08
2.14,Fair,J,I1,69.4,57,5405,7.74,7.7,5.36
1.14,Ideal,F,VS1,61.1,55,8953,6.74,6.78,4.13
1,Very Good,G,VS2,62.8,57,5227,6.33,6.37,3.99
0.78,Ideal,D,VS2,62.9,56,3736,5.85,5.88,3.69
1.59,Very Good,E,SI2,61.1,57,8994,7.48,7.54,4.59
0.79,Ideal,G,VS1,62,56,3561,5.91,5.94,3.67
0.92,Good,H,VS1,62.3,63,4116,6.18,6.3,3.88
0.9,Very Good,I,VS1,63.3,59,3580,6.1,6.06,3.85
1.5,Ideal,E,SI1,62,55,11489,7.4,7.32,4.56
0.38,Ideal,F,VS1,62.4,54,998,4.68,4.64,2.91
0.34,Ideal,D,VS2,62.5,57,1033,4.47,4.4,2.77
0.5,Premium,H,IF,61.4,61,1971,5.14,5.03,3.12
2.07,Premium,H,SI2,59.6,60,11094,8.3,8.24,4.93
0.31,Ideal,G,VVS1,61.3,60,710,4.33,4.38,2.67
1.01,Very Good,G,VS1,63.2,58,6618,6.38,6.34,4.02
1.3,Premium,G,VVS1,60.5,60,11061,7.01,7.05,4.25
0.71,Fair,F,SI1,57,62,2149,5.84,5.87,3.34
0.3,Good,F,SI2,63.5,57,394,4.22,4.25,2.69
0.63,Premium,F,SI1,60.9,56,1736,5.58,5.56,3.39
1.5,Ideal,F,VS2,60.2,57,13653,7.43,7.39,4.46
1.2,Very Good,E,VVS2,63.2,56,11456,6.73,6.78,4.27
0.31,Ideal,I,IF,61.3,57,837,4.4,4.34,2.68
0.57,Ideal,F,VS2,59.2,57,1637,5.45,5.5,3.24
0.3,Very Good,E,IF,60.1,60,1026,4.3,4.32,2.59
2.22,Good,I,SI2,63.2,57,16398,8.23,8.28,5.22
0.39,Ideal,E,VS2,60.5,56,839,4.75,4.77,2.88
0.31,Very Good,G,VVS2,63.4,59,907,4.29,4.26,2.71
0.51,Ideal,G,VS1,62.3,53.5,1652,5.09,5.14,3.19
1.23,Very Good,H,SI1,63,55,5665,6.72,6.78,4.27
0.73,Premium,E,SI2,60.1,59,2341,5.87,5.82,3.51
0.31,Good,H,SI1,63.6,57,435,4.28,4.31,2.73
0.41,Good,J,VS2,64.3,55,606,4.66,4.7,3.01
0.91,Premium,D,SI1,62.8,57,4228,6.17,6.12,3.86
1.01,Premium,F,VS1,61.7,58,7507,6.43,6.4,3.96
0.41,Ideal,F,IF,61.9,56,1439,4.77,4.79,2.96
0.57,Ideal,F,VS2,61.3,57,1612,5.35,5.39,3.29
0.3,Good,D,SI2,63.3,57,447,4.26,4.3,2.71
1.62,Premium,E,SI2,60.8,59,9526,7.62,7.57,4.62
0.5,Ideal,E,VS1,62.3,55,1603,5.09,5.12,3.18
0.6,Ideal,G,VVS2,61.3,56,2467,5.43,5.46,3.34
0.31,Ideal,F,VS2,61.5,56,802,4.37,4.34,2.68
1.02,Good,F,SI2,63.3,61,3811,6.28,6.32,3.99
1.01,Premium,G,VVS2,61.6,60,7466,6.41,6.38,3.94
0.59,Premium,F,SI1,62.2,60,2124,5.37,5.33,3.33
0.9,Ideal,H,VS2,60.9,54,4871,6.19,6.22,3.78
0.7,Ideal,I,VVS2,62.1,56,2367,5.68,5.72,3.54
0.54,Ideal,E,VS2,61.8,57,1590,5.23,5.26,3.24
0.3,Very Good,H,SI1,59.4,63,540,4.4,4.35,2.6
0.7,Very Good,E,VVS2,61.5,58,3429,5.67,5.71,3.5
1.18,Ideal,H,SI1,61.5,57,6440,6.78,6.82,4.18
0.41,Very Good,D,VS1,63.4,56,991,4.7,4.76,3
1,Very Good,E,SI2,59.8,58,4321,6.47,6.53,3.89
0.51,Good,E,VS2,61.1,65,1424,5.14,5.11,3.13
0.58,Ideal,D,VS2,61.2,57,1876,5.37,5.41,3.3
1.69,Ideal,G,SI1,61.8,53,11843,7.68,7.71,4.75
1.5,Very Good,J,VS1,61.3,59,8662,7.36,7.41,4.53
1.7,Premium,I,VS2,61.2,59,11360,7.62,7.55,4.64
1,Premium,G,VS1,62.4,62,6290,6.37,6.33,3.96
0.7,Very Good,I,VVS1,61.2,58,2513,5.65,5.72,3.48
0.3,Premium,G,VVS1,62.4,57,1013,4.29,4.27,2.67
0.38,Premium,I,VS1,59.9,60,898,4.72,4.66,2.81
0.43,Ideal,G,VVS2,60.1,57,1129,4.91,4.88,2.94
2.18,Very Good,J,SI1,62.9,59,13812,8.21,8.25,5.18
1.02,Premium,D,SI2,60.3,58,4718,6.52,6.48,3.92
0.71,Ideal,E,VVS1,62,56,4802,5.69,5.73,3.54
0.7,Premium,G,VVS1,62,61,2932,5.71,5.62,3.51
0.32,Very Good,D,SI1,63.3,57,756,4.39,4.36,2.77
0.32,Ideal,D,SI1,61.2,56,714,4.45,4.47,2.73
0.3,Ideal,F,IF,61.6,58,886,4.28,4.32,2.65
0.52,Premium,G,VS2,61,60,1577,5.19,5.13,3.15
0.32,Ideal,E,VVS1,60.5,57,917,4.44,4.48,2.7
0.32,Ideal,D,SI1,61.5,56,756,4.42,4.39,2.71
0.5,Ideal,H,SI1,62.1,58,1140,5.04,5.07,3.14
0.75,Very Good,J,SI1,62.4,56,2083,5.78,5.82,3.62
0.34,Premium,H,VS2,60.2,60,689,4.56,4.51,2.73
0.34,Ideal,G,VS2,61.4,57,765,4.51,4.48,2.76
0.4,Very Good,G,VS1,61.5,58,868,4.72,4.74,2.91
0.61,Very Good,F,VVS2,60.5,58.5,2274,5.44,5.64,3.34
0.7,Good,H,I1,57.4,63,1255,5.89,5.8,3.36
0.41,Premium,J,VVS1,62.2,59,994,4.75,4.71,2.94
1.13,Ideal,H,SI2,60.6,57,3670,6.79,6.77,4.11
0.67,Ideal,G,IF,61.6,55,3271,5.61,5.65,3.47
0.5,Ideal,G,VS2,62.6,57,1424,5.11,5.05,3.18
0.9,Very Good,D,SI1,62.3,53,5123,6.2,6.22,3.87
0.7,Ideal,E,SI1,62,56,2948,5.68,5.7,3.53
0.42,Ideal,G,VVS1,61.6,55,1235,4.85,4.82,2.98
0.58,Premium,F,VS2,62.2,55,1586,5.4,5.31,3.33
0.62,Premium,F,SI1,59.8,60,1766,5.56,5.51,3.31
0.53,Premium,D,VS2,62.4,59,1877,5.18,5.14,3.22
0.7,Good,G,SI2,60.1,65,2268,5.7,5.65,3.41
0.53,Ideal,E,VS1,60.9,57,1827,5.25,5.19,3.18
0.36,Very Good,G,VS1,61.8,56,741,4.57,4.6,2.84
0.43,Ideal,D,SI1,61.6,56,807,4.82,4.86,2.98
1.51,Premium,H,VS2,60.7,58,10685,7.45,7.4,4.51
0.51,Very Good,D,VVS1,59.9,58,2834,5.16,5.19,3.1
0.42,Ideal,E,SI2,62.4,55,700,4.77,4.81,2.99
0.31,Ideal,F,VS2,60.5,57,591,4.39,4.41,2.66
0.41,Premium,E,SI2,61.3,57,876,4.83,4.79,2.95
1.2,Very Good,E,SI1,61,58,6809,6.83,6.88,4.18
0.4,Ideal,D,VVS2,62.5,55,1010,4.73,4.77,2.97
0.9,Ideal,E,VS2,62,59,5439,6.17,6.21,3.84
1.72,Premium,H,SI2,59.8,59,10749,7.77,7.74,4.64
1.37,Very Good,J,SI2,60.7,60,5063,7.07,7.19,4.33
0.9,Good,G,SI2,58.4,55,3269,6.34,6.39,3.72
0.33,Good,I,VVS2,63.7,56,579,4.36,4.4,2.79
0.7,Ideal,D,SI2,61.6,56,2384,5.73,5.69,3.52
0.3,Ideal,F,IF,61.3,55,873,4.32,4.36,2.66
1,Fair,G,SI1,65.8,55,3304,6.22,6.19,4.08
0.73,Ideal,E,SI1,62.2,56,2791,5.74,5.78,3.58
0.4,Good,E,SI1,63.7,57,687,4.66,4.69,2.98
0.91,Fair,H,SI1,64.4,60,3180,6.1,6.07,3.92
0.32,Good,E,SI1,63.4,56,524,4.31,4.34,2.74
1.07,Premium,H,VS1,60.5,61,4494,6.67,6.59,4.01
1.01,Good,F,SI2,63.8,57,3532,6.31,6.36,4.04
0.42,Ideal,F,SI1,62,57,773,4.81,4.83,2.99
2.03,Premium,J,SI1,62.1,59,12862,8.06,8.12,5.02
0.31,Very Good,E,VVS1,60.4,61,725,4.34,4.4,2.64
2,Premium,J,VS2,62.9,60,11966,7.99,7.95,5.01
1,Very Good,E,SI2,59.5,63,4077,6.47,6.41,3.83
0.77,Premium,F,SI2,62.2,58,2282,5.9,5.85,3.66
2.01,Very Good,H,SI1,63.1,56,11825,8.05,8,5.06
1.16,Ideal,F,VS1,61.9,54,9348,6.75,6.79,4.19
1.03,Premium,H,VS1,59.2,58,4874,6.66,6.61,3.92
0.3,Ideal,F,VVS1,61.1,56,814,4.33,4.38,2.66
0.23,Very Good,D,VVS1,62.4,58,530,3.91,3.97,2.46
1.2,Very Good,I,IF,59.1,61,7141,6.91,6.99,4.11
0.41,Ideal,F,IF,62.2,54,1151,4.76,4.79,2.97
2.01,Very Good,I,VS2,59.6,58,16383,8.18,8.23,4.89
2,Fair,I,SI2,67.7,57,10483,7.88,7.64,5.26
0.71,Ideal,E,SI2,62.7,56,2550,5.68,5.71,3.57
0.73,Premium,F,VS1,60.7,61,3211,5.79,5.75,3.5
2,Ideal,E,SI2,62.3,56,12210,8.04,7.94,4.98
0.31,Premium,G,VS2,59.2,60,544,4.42,4.47,2.63
0.72,Ideal,F,SI1,61.8,57,2440,5.68,5.74,3.53
0.35,Premium,I,VS1,61.1,60,709,4.58,4.52,2.78
0.9,Very Good,I,VS2,58.4,62,3334,6.29,6.35,3.69
0.5,Fair,E,VS2,65,58,1188,4.96,4.92,3.21
0.9,Very Good,D,SI1,62.7,56,4381,6.12,6.16,3.85
1.72,Ideal,H,VS2,61.9,56,15197,7.7,7.75,4.78
1.05,Premium,G,SI2,63,57,4618,6.47,6.41,4.06
1.03,Ideal,H,I1,61.5,57,3230,6.52,6.48,4
0.4,Premium,F,SI1,62.6,59,945,4.74,4.68,2.95
0.74,Ideal,G,VVS2,60.7,56,3831,5.9,5.88,3.58
0.25,Very Good,G,VS2,61.9,57,407,4.05,4.08,2.51
0.4,Premium,H,VVS2,60.9,58,877,4.74,4.79,2.9
0.23,Very Good,H,VS1,61,57,353,3.94,3.96,2.41
0.31,Ideal,G,IF,62.1,56,871,4.31,4.34,2.69
1.51,Premium,H,VS1,62.1,58,10775,7.32,7.26,4.53
1,Very Good,F,SI2,62.9,59,4037,6.27,6.38,3.98
1.13,Premium,H,VS2,61.7,56,5728,6.73,6.65,4.13
1.26,Very Good,H,SI1,60.6,60,6546,6.97,7,4.23
1.21,Premium,H,SI2,61.9,55,5218,6.84,6.79,4.22
1,Premium,G,SI2,59.4,62,4172,6.5,6.47,3.85
0.33,Premium,G,VS1,61.3,58,666,4.42,4.45,2.72
0.52,Very Good,D,VS2,60.9,58,1555,5.22,5.16,3.16
0.29,Premium,G,VVS1,62,58,669,4.23,4.19,2.61
1.28,Ideal,G,SI2,61.4,57,5888,6.96,6.99,4.28
0.74,Very Good,F,SI2,63.1,58,1909,5.76,5.72,3.62
1.3,Premium,H,SI2,60.4,61,4732,7.09,7.04,4.27
0.41,Good,E,SI2,63.3,56,638,4.69,4.73,2.98
0.9,Good,J,SI1,64,61,2873,6,5.96,3.83
1,Ideal,H,SI2,62,56,4649,6.38,6.43,3.97
1.51,Good,H,VS1,59.1,58,11512,7.48,7.52,4.43
0.3,Ideal,F,VVS1,61.9,56,802,4.29,4.33,2.67
0.3,Ideal,D,VVS2,62.1,57,814,4.27,4.3,2.66
0.92,Very Good,I,SI1,63.7,58,3345,6.12,6.18,3.92
1.18,Ideal,I,SI1,62.2,56,5088,6.85,6.75,4.23
1.51,Ideal,J,SI1,62,55,8981,7.42,7.31,4.57
0.41,Very Good,G,VS1,60.7,58,899,4.79,4.83,2.92
0.83,Very Good,I,VVS1,61.8,56,3774,6,6.03,3.72
1.21,Ideal,G,VVS2,61.3,57,10568,6.83,6.85,4.19
0.31,Ideal,H,VS2,61.8,57,507,4.32,4.36,2.68
0.7,Very Good,H,VS1,61.2,55,2453,5.68,5.72,3.49
0.41,Premium,G,SI1,61.4,60,923,4.82,4.75,2.94
0.27,Premium,H,VVS2,60.7,59,623,4.21,4.19,2.55
1.51,Premium,F,SI1,62.8,59,11666,7.31,7.28,4.58
0.28,Very Good,F,VS1,60.8,58,487,4.24,4.28,2.59
0.3,Ideal,H,VS1,60.8,57,503,4.31,4.34,2.63
2.11,Premium,J,SI2,61,58,12440,8.2,8.29,5.03
0.84,Ideal,G,VS1,61.4,56,4372,6.04,6.15,3.74
0.32,Very Good,H,SI1,63.1,54,576,4.42,4.36,2.77
0.52,Very Good,F,SI1,63.7,58,1267,5.11,5.13,3.26
0.5,Ideal,I,VS2,62.5,55,1244,5.05,5.09,3.17
1.71,Premium,J,SI1,61.7,59,8690,7.63,7.7,4.73
0.43,Ideal,H,IF,62.2,55,1304,4.87,4.84,3.02
0.31,Ideal,E,VVS1,61,57,924,4.33,4.36,2.65
1.73,Premium,G,VS2,61.6,58,16960,7.74,7.71,4.76
1.43,Ideal,H,VS1,62,55,11498,7.21,7.28,4.49
1.03,Very Good,D,VVS2,62.7,58,11677,6.39,6.43,4.02
0.5,Ideal,F,SI1,59.9,56,1378,5.36,5.09,3.13
1.52,Very Good,D,VS2,63.4,59,14680,7.32,7.24,4.61
0.4,Ideal,E,VS2,62.4,56,975,4.74,4.71,2.95
1.03,Premium,I,SI1,61,58,4038,6.52,6.47,3.96
0.31,Premium,H,VVS2,62.4,59,802,4.35,4.31,2.7
1.05,Ideal,F,SI1,62,55,5457,6.5,6.54,4.04
0.31,Premium,H,VS1,62.4,58,544,4.32,4.36,2.71
0.33,Very Good,G,VS1,62.9,57,666,4.38,4.43,2.77
0.41,Ideal,E,VVS1,61.4,57,1279,4.8,4.77,2.94
1.04,Very Good,G,VS2,61.1,56,6334,6.54,6.56,4.01
0.38,Premium,G,VS1,61,58,833,4.67,4.71,2.86
0.52,Premium,I,VVS1,63,58,1619,5.12,5.1,3.22
1.01,Very Good,E,VS2,64,56,6771,6.22,6.37,4.03
0.3,Very Good,H,VVS2,62.9,57,605,4.28,4.31,2.7
0.37,Premium,E,SI1,59.3,58,649,4.73,4.75,2.81
1.01,Premium,G,VS1,59.3,59,5632,6.49,6.52,3.86
0.32,Very Good,D,SI2,62.8,57,477,4.35,4.38,2.74
1,Premium,D,VVS2,63,59,9918,6.38,6.35,4.01
2.04,Ideal,I,SI1,62.8,57,14775,8.09,8.02,5.06
1.07,Very Good,H,VS1,62.5,56,6262,6.52,6.55,4.08
1.1,Very Good,G,IF,59.8,56,9053,6.75,6.82,4.06
1.04,Ideal,F,SI2,62.6,57,4547,6.45,6.48,4.05
0.32,Ideal,E,VVS2,62.2,53,816,4.39,4.42,2.74
0.51,Premium,D,VVS2,60.8,60,2387,5.23,5.14,3.15
0.3,Ideal,I,VVS1,61.1,57,709,4.36,4.32,2.65
0.43,Ideal,H,VS2,62.5,56,1218,4.81,4.85,3.02
0.31,Premium,H,SI1,61.1,57,573,4.35,4.32,2.65
0.91,Very Good,H,VS2,62.8,58,4201,6.15,6.17,3.87
1.19,Premium,G,VS2,61.9,58,7389,6.86,6.74,4.21
2.01,Premium,E,SI2,62.2,60,13387,8.02,7.96,4.97
0.31,Ideal,H,VVS2,61.2,56,596,4.34,4.37,2.66
0.9,Premium,E,SI1,59.1,62,4385,6.33,6.3,3.73
1.23,Premium,G,VS1,62.8,56,8381,6.86,6.81,4.29
0.41,Very Good,G,VS1,60.5,57,899,4.81,4.85,2.92
0.53,Very Good,G,SI1,62.5,55,1267,5.12,5.24,3.24
0.3,Very Good,E,SI1,62.9,57,526,4.27,4.32,2.7
2.03,Very Good,I,SI1,62.3,60,16392,8.01,8.07,5.01
0.97,Good,F,SI2,59.1,62,4182,6.49,6.54,3.85
1.31,Ideal,H,VS1,61.5,55,8583,7.05,7.02,4.33
0.4,Premium,F,VS1,62.4,59,1050,4.69,4.67,2.92
2.19,Ideal,I,SI2,62.4,56,16147,8.26,8.3,5.17
2.09,Premium,F,SI2,61.3,59,12377,8.19,8.15,5.01
1.75,Good,D,SI1,63.8,57,12918,7.63,7.53,4.84
0.31,Very Good,E,VVS1,62.3,59,878,4.32,4.38,2.71
1.06,Ideal,H,VS2,62.3,53,6619,6.58,6.56,4.09
0.58,Ideal,I,VS2,61.8,55,1626,5.36,5.38,3.32
2.06,Premium,H,SI2,62.6,58,12677,8.06,8.03,5.04
0.3,Ideal,E,VS2,61.3,58,621,4.3,4.32,2.64
0.38,Very Good,G,VS1,60.7,55,1031,4.71,4.74,2.87
1.07,Ideal,I,VVS1,62.3,57,6685,6.56,6.6,4.1
0.84,Ideal,G,VS2,62,55,3936,6.07,6.09,3.77
0.52,Ideal,E,VS2,61.1,57,1815,5.2,5.18,3.17
1.12,Very Good,H,SI2,62.4,55,4538,6.63,6.68,4.15
0.57,Ideal,I,IF,61,55,1779,5.38,5.41,3.29
0.31,Very Good,H,VVS2,63.4,56,802,4.32,4.29,2.73
0.9,Good,F,VS2,62.7,59,4493,6.1,6.14,3.84
0.31,Ideal,G,VS1,62.1,55,802,4.36,4.33,2.7
1.02,Ideal,F,SI2,61.8,57,4832,6.49,6.43,3.99
1.5,Premium,F,VS2,61.5,58,14586,7.32,7.34,4.51
0.71,Ideal,G,VS1,61.7,57,3431,5.7,5.75,3.53
0.31,Very Good,G,VS1,63.1,59,802,4.29,4.27,2.7
0.39,Ideal,I,VVS2,62.3,54,787,4.66,4.69,2.91
0.9,Good,G,SI1,57.7,62,3226,6.29,6.23,3.61
1.02,Fair,D,SI2,65.5,60,4381,6.27,6.24,4.1
0.32,Ideal,H,VVS2,62.9,57,828,4.39,4.36,2.75
0.3,Ideal,E,VVS2,61.4,57,1013,4.34,4.32,2.66
2.01,Very Good,H,SI2,63.4,57,16111,8,7.93,5.05
1.11,Ideal,E,SI2,61.2,55,5262,6.68,6.72,4.1
1.01,Ideal,H,SI1,62.1,59,5189,6.38,6.43,3.98
1.23,Very Good,H,SI1,62.5,56,7313,6.79,6.82,4.25
1.01,Very Good,F,SI1,60.8,59,4869,6.49,6.53,3.96
0.7,Premium,F,SI1,62.5,59,2333,5.65,5.67,3.54
0.9,Very Good,H,VS1,62.2,59,4324,6.14,6.18,3.83
0.52,Good,G,VS1,63.3,55,1689,5.09,5.12,3.23
1.01,Premium,F,VS1,62.5,58,7465,6.37,6.42,4
1.01,Ideal,E,SI1,62.2,56,5068,6.43,6.4,3.99
0.67,Premium,G,VS2,61,57,2050,5.68,5.63,3.45
1.52,Ideal,G,VS2,62.8,54,13809,7.3,7.36,4.61
1.52,Premium,G,I1,62.3,60,4345,7.34,7.28,4.56
0.38,Good,H,VVS1,63.3,58,967,4.57,4.62,2.91
1,Premium,F,SI1,62.2,58,4586,6.39,6.35,3.96
0.42,Ideal,G,VVS1,61.6,55,1235,4.87,4.81,2.98
0.29,Ideal,F,VVS1,61.7,55,815,4.25,4.28,2.63
0.77,Ideal,E,VVS1,61.6,55,5251,5.87,5.95,3.64
0.9,Very Good,I,VS1,62.6,58,3447,6.14,6.17,3.85
0.76,Ideal,H,SI2,61.7,56,2404,5.88,5.86,3.62
1.1,Premium,E,SI2,60.1,62,4691,6.69,6.65,4.01
0.33,Very Good,I,VS1,63.1,56,668,4.4,4.38,2.77
0.72,Ideal,F,VS2,61.3,55,3495,5.78,5.83,3.56
0.33,Very Good,F,VVS2,61.1,56,739,4.46,4.48,2.73
1.57,Ideal,I,SI1,62,59,9095,7.41,7.45,4.61
0.55,Very Good,D,SI2,63.2,56,1368,5.24,5.21,3.3
1.01,Good,D,SI2,63.9,57,4588,6.29,6.36,4.04
0.42,Very Good,F,SI1,63.1,56,926,4.82,4.79,3.03
0.72,Ideal,E,VVS1,61.6,56,4702,5.75,5.77,3.55
1.01,Fair,F,VS2,64.8,56,4791,6.3,6.25,4.07
1.11,Premium,H,SI1,61.9,58,4960,6.63,6.59,4.09
0.38,Premium,J,VS2,60.5,60,727,4.68,4.64,2.82
0.7,Good,D,VS1,60.4,63,3193,5.68,5.74,3.45
0.33,Premium,D,SI2,62.7,58,492,4.39,4.41,2.76
1.75,Very Good,G,VS1,59.6,60,17036,7.76,7.9,4.67
0.35,Ideal,D,VS2,61.9,55,1063,4.54,4.5,2.8
0.29,Very Good,G,VVS1,61.4,56,607,4.25,4.28,2.62
0.5,Good,F,SI1,63.7,61,1125,5.02,4.99,3.19
0.7,Ideal,J,VVS2,62.7,56,1790,5.67,5.71,3.57
1.91,Very Good,G,SI1,63.1,59,15241,7.9,7.86,4.97
0.71,Very Good,I,VVS1,63.5,57,2456,5.65,5.68,3.6
0.72,Ideal,E,VS2,62.1,57,3235,5.73,5.76,3.57
2.57,Premium,E,SI2,61.3,60,17116,8.82,8.73,5.38
0.7,Very Good,I,VS2,60.8,61,2360,5.72,5.76,3.49
0.7,Very Good,G,VS1,63,60,2812,5.57,5.64,3.53
0.45,Good,G,VVS1,64,57,1254,4.86,4.82,3.1
0.3,Ideal,D,VS2,62.5,57,911,4.29,4.25,2.67
0.26,Ideal,E,VS1,61.8,55,452,4.09,4.13,2.54
1.01,Very Good,E,VVS1,63.2,54,10498,6.41,6.31,4.02
0.35,Very Good,G,VS1,61.2,56,706,4.53,4.56,2.78
1.59,Very Good,D,SI2,59.9,59,10685,7.6,7.52,4.53
0.7,Good,F,SI2,64.3,57,1851,5.6,5.53,3.58
0.33,Ideal,G,VS1,62.3,57,854,4.42,4.38,2.74
1,Premium,E,SI2,62.7,58,4579,6.41,6.34,4
0.75,Premium,I,SI1,62.5,58,2122,5.77,5.82,3.62
0.33,Ideal,D,SI2,62,57,492,4.45,4.46,2.76
1.13,Ideal,G,VVS1,59.6,57,9872,6.89,6.81,4.08
1.51,Very Good,J,SI2,61.9,59,6546,7.26,7.31,4.51
1.04,Very Good,D,SI2,58.2,59,4252,6.62,6.67,3.87
0.32,Good,D,SI1,63.3,57,589,4.37,4.38,2.77
0.24,Premium,H,VVS1,61.2,58,554,4.01,3.96,2.44
0.7,Ideal,F,VS2,62.8,56,2573,5.7,5.67,3.57
0.38,Ideal,G,VS2,60.4,57,726,4.68,4.71,2.83
0.51,Very Good,H,VS2,63.5,60,1268,5.04,5.01,3.19
0.72,Premium,D,VS1,62.7,56,3601,5.76,5.69,3.59
0.42,Premium,D,VS1,60.8,60,1179,4.84,4.87,2.95
1.02,Very Good,F,SI2,63,58,4162,6.38,6.44,4.04
0.9,Very Good,H,VS1,60.5,63,4201,6.13,6.16,3.72
0.35,Premium,F,VS2,61.5,59,906,4.55,4.53,2.79
1.25,Premium,G,VVS1,62,58,7389,6.96,6.87,4.29
1.13,Premium,I,SI1,61.7,58,4113,6.66,6.62,4.1
0.38,Very Good,F,VVS2,61.9,59.7,1060,4.64,4.65,2.87
0.35,Premium,I,SI1,62.5,58,606,4.53,4.49,2.82
1.53,Fair,J,VS2,64.7,58,6659,7.24,7.22,4.68
0.72,Ideal,E,VVS2,61.7,55,4927,5.76,5.78,3.56
0.3,Premium,D,VS2,62.5,59,911,4.28,4.23,2.66
1.25,Ideal,G,VS2,62.4,55,9030,6.93,6.86,4.3
0.33,Premium,G,VS1,62.2,58,666,4.39,4.42,2.74
0.51,Ideal,D,I1,62.1,56,1071,5.15,5.06,3.17
1.52,Ideal,G,VS1,61.8,56,14482,7.4,7.45,4.59
0.7,Ideal,F,VVS1,61.6,56,4246,5.86,5.71,3.51
1.23,Premium,H,SI2,62.1,61,5648,6.86,6.79,4.24
0.71,Premium,E,VS2,62.3,58,2823,5.71,5.66,3.54
1.3,Good,J,VS2,63.6,59,5269,6.9,6.87,4.38
0.56,Ideal,D,VS2,60.9,56,1963,5.31,5.36,3.25
2.04,Very Good,H,SI2,63.2,58,13790,8.1,8,5.09
0.36,Very Good,H,VVS2,61.3,55,668,4.58,4.64,2.81
0.43,Good,D,SI1,63.8,55,774,4.79,4.8,3.06
0.52,Ideal,F,VS1,61.5,56,2138,5.19,5.22,3.2
0.5,Ideal,D,VS2,60.7,57,1854,5.12,5.22,3.14
1.14,Premium,I,VS2,62.8,60,5008,6.68,6.59,4.17
1.03,Premium,D,SI2,61.7,58,4764,6.5,6.47,4
0.3,Ideal,E,IF,61.1,57,1013,4.31,4.33,2.64
1.02,Good,J,SI2,62.2,61,3639,6.41,6.48,4.01
0.61,Very Good,D,VVS2,59.6,57,2763,5.56,5.58,3.32
1.01,Premium,D,VVS2,62.4,58,10732,6.39,6.44,4
1,Good,G,VS2,62.7,58,5068,6.24,6.33,3.94
0.3,Premium,H,VVS2,60.8,60,605,4.29,4.33,2.62
1.5,Fair,E,VS1,65.4,57,15584,7.14,7.07,4.65
1.12,Ideal,F,VVS2,60.4,56,10236,6.82,6.78,4.11
0.4,Ideal,F,VS1,62.7,55,1050,4.76,4.74,2.98
0.43,Premium,H,VS1,60,59,1113,4.98,4.86,2.95
0.51,Very Good,H,VS2,60.8,58,1414,5.12,5.17,3.13
0.42,Ideal,G,IF,62,57,1310,4.82,4.8,2.98
0.9,Premium,D,SI2,59.8,61,3780,6.21,6.17,3.7
0.3,Good,E,SI1,63.2,56,526,4.27,4.3,2.71
1.23,Premium,F,VS2,60.8,59,8959,6.9,6.94,4.21
0.36,Ideal,G,IF,61.6,55,1148,4.59,4.57,2.82
0.35,Ideal,D,SI1,63,57,827,4.52,4.46,2.83
0.23,Very Good,E,VVS1,60.8,56,499,3.94,3.99,2.41
1,Premium,H,I1,60.4,61,1932,6.39,6.32,3.84
1.1,Ideal,F,VS2,61.4,56,7453,6.64,6.68,4.09
0.31,Premium,E,VS1,61.9,58,734,4.31,4.32,2.67
0.31,Ideal,E,VVS1,61.3,56,1064,4.39,4.43,2.7
0.52,Premium,G,VVS1,59.2,58,2153,5.31,5.28,3.14
2.03,Very Good,I,VS2,59.9,59,16422,8.32,8.24,4.96
2.09,Ideal,H,SI2,62,59,15589,8.15,8.2,5.07
0.55,Very Good,E,VS2,62.1,60,1744,5.19,5.24,3.24
0.42,Premium,D,SI1,61.9,59,810,4.76,4.81,2.96
0.71,Very Good,E,VS1,63.3,59,2946,5.64,5.67,3.58
0.92,Very Good,D,SI2,63.3,59,3823,6.18,6.12,3.89
0.32,Premium,H,SI1,62.3,60,461,4.36,4.4,2.73
1.16,Ideal,I,VS2,61.5,57,5302,6.78,6.75,4.16
0.23,Very Good,E,IF,59.9,58,492,3.98,4.03,2.4
1.53,Very Good,I,SI1,63.1,57,8242,7.34,7.28,4.61
1.5,Fair,H,SI2,59.3,58,7098,7.31,7.37,4.35
0.52,Ideal,G,VS1,61.3,56,1694,5.2,5.17,3.18
1.11,Very Good,F,VVS2,59.4,58,11650,6.74,6.79,4.02
1.56,Ideal,J,SI1,61.8,57,6727,7.44,7.39,4.58
1.69,Premium,F,SI2,62.4,58,9275,7.65,7.57,4.75
0.91,Very Good,J,SI2,62,56,3181,6.18,6.23,3.85
0.35,Ideal,E,VS1,61.9,56,1091,4.55,4.53,2.81
1.22,Ideal,G,VS1,60.7,57,9166,6.94,6.93,4.21
0.73,Good,J,VS2,60.8,63,2098,5.67,5.78,3.48
1,Fair,F,VS1,64.8,61,6115,6.26,6.21,4.04
0.41,Very Good,G,SI2,59.6,60,621,4.82,4.85,2.88
0.7,Ideal,E,VVS2,62.4,54,3585,5.66,5.71,3.55
0.34,Premium,G,VS2,62,59,596,4.43,4.47,2.76
0.61,Ideal,E,VS2,61.3,55,2373,5.48,5.45,3.35
1.2,Ideal,G,VS1,62.4,57,8545,6.78,6.8,4.24
0.31,Good,G,VS1,63.2,57,625,4.28,4.33,2.72
0.35,Good,F,SI1,63.6,54,583,4.51,4.52,2.87
2.01,Premium,I,VS2,60.3,58,17826,8.22,8.16,4.94
0.2,Premium,E,VS2,59.8,62,367,3.79,3.77,2.26
2.53,Premium,H,SI2,61.1,57,15148,8.82,8.76,5.37
0.4,Very Good,G,SI2,61.9,61,596,4.69,4.74,2.92
0.32,Ideal,G,IF,61.9,53,918,4.42,4.47,2.75
0.9,Ideal,H,VVS2,62,57,4924,6.15,6.2,3.83
1.53,Good,H,I1,62.3,55.6,6361,7.34,7.38,4.59
0.3,Premium,E,VVS2,61.4,60,1013,4.28,4.25,2.62
0.31,Good,D,SI2,63.1,54,462,4.33,4.38,2.75
0.35,Premium,H,SI1,61,62,630,4.56,4.52,2.77
0.3,Ideal,F,SI1,61.9,54,475,4.33,4.36,2.69
1.7,Premium,G,VS1,61.2,57,17492,7.73,7.64,4.7
0.7,Very Good,J,VS2,61.1,61,1952,5.64,5.69,3.46
0.27,Ideal,G,VS2,61.4,55,459,4.19,4.21,2.58
0.24,Very Good,E,VVS2,60.6,62,478,4.03,4.06,2.45
1.56,Premium,H,SI1,61.9,59,10990,7.46,7.4,4.6
0.34,Ideal,G,SI1,61.8,54.4,531,4.49,4.52,2.79
1.13,Fair,F,VS1,64.5,55,7335,6.62,6.56,4.25
1.01,Ideal,E,SI2,61.1,59,4787,6.53,6.47,3.97
0.33,Premium,H,IF,60.3,59,1114,4.49,4.47,2.7
0.9,Very Good,G,VVS2,59.8,60,5102,6.23,6.28,3.74
1.25,Good,J,SI1,63.6,57,5110,6.86,6.81,4.35
0.31,Ideal,D,VS2,61.9,56,942,4.38,4.34,2.7
1.11,Premium,I,SI2,61.8,58,4196,6.66,6.61,4.1
1,Fair,F,SI1,64.8,59,5292,6.29,6.24,4.06
0.97,Very Good,G,SI1,61,59,4504,6.36,6.4,3.89
1.54,Very Good,G,VS1,63.4,57,14433,7.28,7.36,4.64
0.51,Good,D,SI1,63.4,59,1193,5.07,5.02,3.2
0.32,Ideal,I,VS2,61.5,56,576,4.41,4.4,2.71
0.34,Ideal,D,I1,62.5,57,530,4.49,4.47,2.8
0.72,Ideal,D,VS1,62.3,54,3622,5.74,5.79,3.59
0.5,Very Good,E,VVS1,60.1,56,2495,5.16,5.19,3.11
0.3,Ideal,H,VVS2,62.5,54,567,4.3,4.3,2.7
0.31,Ideal,G,SI1,62.2,55,593,4.36,4.35,2.71
1.09,Ideal,H,SI1,61.1,57,5219,6.69,6.6,4.1
0.3,Ideal,F,IF,60,59,873,4.37,4.39,2.63
0.34,Premium,J,VS2,62.3,60,417,4.46,4.49,2.79
1.02,Very Good,E,VS2,63.2,60,6580,6.34,6.29,3.99
1.58,Ideal,I,VVS1,61.9,55,11435,7.47,7.51,4.64
1.2,Premium,J,VS2,62.6,57,5053,6.8,6.72,4.23
0.3,Ideal,E,VVS1,61.2,57,838,4.32,4.34,2.65
0.71,Premium,D,VS1,59.2,59,3718,5.9,5.85,3.48
0.31,Ideal,D,SI1,61.8,56,732,4.37,4.34,2.69
0.52,Premium,G,VVS2,61.2,59,2012,5.16,5.14,3.15
2.06,Premium,I,VS1,58.4,55,15393,8.42,8.35,4.9
0.7,Very Good,F,SI1,62.3,58,2161,5.62,5.78,3.55
0.3,Good,G,VS2,63.5,54,526,4.25,4.28,2.71
1.45,Fair,F,SI2,64.4,58,6455,7.17,7.11,4.59
1.06,Very Good,G,VS1,60.5,56,6707,6.65,6.6,4.01
0.51,Very Good,D,SI1,63.5,55,1574,5.09,5.08,3.23
1.73,Ideal,E,SI1,61.9,57,15842,7.74,7.66,4.77
0.42,Ideal,G,IF,62.4,57,1394,4.79,4.82,3
0.73,Premium,J,SI1,58.2,59,1905,5.99,5.91,3.46
1.02,Premium,F,VS1,60.8,59,7677,6.49,6.46,3.94
1.23,Premium,I,SI1,60.3,60,4133,6.95,6.88,4.17
2.11,Very Good,I,SI2,63.8,54,12937,8.13,8.19,5.21
0.38,Very Good,D,SI1,62.2,53.8,831,4.65,4.69,2.9
1.04,Very Good,H,SI1,59.7,60,4682,6.55,6.58,3.92
2.01,Fair,I,VS2,66.3,57,15729,7.79,7.74,5.15
1.9,Ideal,I,SI2,60.9,55,12165,8,8.06,4.89
0.92,Good,E,SI1,63.2,58,4258,6.16,6.18,3.9
0.77,Very Good,J,SI1,62.3,58,1807,5.86,5.89,3.66
1.5,Premium,G,VS1,62.4,60,13009,7.29,7.22,4.53
1.26,Ideal,G,VVS1,62.1,57,10720,6.91,7.01,4.32
2.08,Ideal,G,SI2,61.8,56,18124,8.22,8.18,5.07
0.51,Ideal,E,VVS2,61.7,57,2209,5.11,5.14,3.16
1.23,Ideal,H,SI1,61.7,55,6750,6.94,6.9,4.27
0.31,Ideal,G,VVS2,61.5,57,671,4.32,4.36,2.67
0.35,Very Good,H,VS2,60.1,56,567,4.61,4.64,2.78
1.13,Ideal,I,VS2,62.3,56,4940,6.63,6.73,4.16
1,Fair,G,VS1,63.1,63,4630,6.38,6.29,4
0.5,Very Good,H,VS2,61.8,63,1178,5.08,5.05,3.13
0.91,Premium,H,SI1,60.9,58,3475,6.22,6.26,3.8
0.32,Ideal,D,SI2,59.8,57,612,4.46,4.4,2.65
0.54,Very Good,F,SI1,63,57,1255,5.18,5.23,3.28
1.38,Very Good,F,VS1,61.4,61,11286,7.1,7.14,4.37
0.51,Ideal,G,VVS1,61,57,2111,5.17,5.16,3.15
1.01,Premium,G,SI2,60.1,61,4327,6.6,6.55,3.95
2.02,Premium,J,SI2,63,58,8640,8.07,8.02,5.07
1.56,Very Good,H,VS1,63.9,57,11804,7.3,7.37,4.69
1.73,Premium,D,SI1,60.6,59,12770,7.76,7.68,4.68
1.07,Premium,H,SI1,62.1,58,5055,6.56,6.49,4.05
2.04,Premium,J,VS1,62.6,58,14660,8.11,8.06,5.06
1.5,Premium,G,SI1,60.2,61,10219,7.28,7.2,4.36
0.7,Very Good,E,VVS1,62.5,56,3724,5.63,5.7,3.54
0.51,Ideal,D,SI2,62.5,55,1264,5.12,5.15,3.21
1,Ideal,H,SI1,60.3,56,4702,6.52,6.54,3.94
0.31,Premium,D,SI1,61.4,58,571,4.33,4.36,2.67
0.7,Fair,D,SI2,71.6,55,1696,5.47,5.28,3.85
0.7,Ideal,F,SI1,59.9,57,2264,5.74,5.82,3.46
0.56,Ideal,F,VS1,61.7,56,2016,5.32,5.28,3.27
0.55,Ideal,G,VVS2,62.5,56,2129,5.25,5.22,3.27
0.42,Premium,G,SI1,62.7,59,717,4.72,4.75,2.97
1.24,Very Good,H,SI1,60.8,60,7050,6.9,6.94,4.21
0.28,Ideal,F,IF,62,53,825,4.23,4.29,2.64
0.77,Ideal,G,SI1,61.5,56,3253,5.89,5.92,3.63
0.3,Premium,E,SI1,61.3,60,675,4.28,4.24,2.61
1.1,Ideal,G,VS1,61.9,55,7528,6.59,6.63,4.09
0.31,Ideal,E,VS1,61.3,55,800,4.4,4.43,2.7
1.5,Good,D,SI1,63.4,63,9718,7.19,7.23,4.57
0.33,Ideal,E,VVS1,61.6,56,1207,4.44,4.46,2.74
1.7,Very Good,H,VS2,61.8,59,12257,7.58,7.66,4.71
0.57,Very Good,E,SI2,61.2,57,1315,5.31,5.35,3.26
0.45,Fair,F,VS2,67,56,923,4.77,4.7,3.17
1.04,Premium,F,SI1,59.8,59,5284,6.61,6.56,3.94
1,Good,E,SI2,59.9,63,4184,6.45,6.5,3.88
0.36,Premium,I,SI1,60.4,60,624,4.62,4.58,2.78
0.73,Fair,G,SI2,64.7,60,2050,5.68,5.64,3.66
2,Very Good,J,SI2,59.8,60,11792,8.09,8.13,4.85
0.71,Very Good,E,VS1,62.1,60,3192,5.65,5.71,3.53
0.3,Good,G,VS2,63.1,56,526,4.25,4.28,2.69
0.25,Ideal,G,VS1,62.7,56,454,4.01,4.04,2.52
0.23,Very Good,F,VVS2,61.5,56,583,3.95,4,2.44
1.21,Ideal,D,VVS2,62.8,55,12657,6.77,6.84,4.26
0.38,Ideal,G,SI1,60.4,58,658,4.7,4.74,2.85
1.02,Very Good,D,SI1,63.3,60,5778,6.33,6.38,4.02
0.52,Ideal,I,SI1,61.8,56,1075,5.15,5.18,3.19
0.5,Ideal,F,VS2,62.7,56,1691,5.07,5.1,3.19
0.57,Ideal,F,VS2,62.3,55,1637,5.3,5.36,3.32
0.3,Premium,H,VS1,63,58,675,4.28,4.23,2.68
0.9,Very Good,J,VS1,62.3,56,3231,6.19,6.23,3.87
1.1,Good,G,SI2,60.5,61,4457,6.69,6.74,4.06
0.93,Premium,E,SI1,61.4,57,4229,6.34,6.23,3.86
1.5,Premium,E,SI2,59.5,55,10080,7.51,7.47,4.46
0.3,Very Good,G,VVS1,63.1,56,1013,4.28,4.25,2.69
1.2,Premium,H,VS1,61.3,58,6626,6.85,6.81,4.19
1.12,Premium,I,SI1,61.3,58,4077,6.69,6.68,4.1
1.06,Premium,F,VS2,61.2,57,5942,6.64,6.49,4.02
2.01,Ideal,I,SI2,62.9,56,13574,8.06,8.03,5.06
0.5,Ideal,E,VS1,62.5,57,1649,4.99,5.05,3.14
0.32,Ideal,F,VVS2,60.4,57,829,4.46,4.47,2.7
0.78,Very Good,F,SI1,62.4,58,3045,5.83,5.86,3.65
0.31,Ideal,F,VS2,62.1,57,802,4.36,4.34,2.7
1.03,Ideal,H,VS2,62.3,56,5364,6.46,6.44,4.02
0.75,Very Good,G,SI1,60.9,58,2545,5.84,5.88,3.57
0.5,Premium,E,VS2,60.1,61,1420,5.2,5.15,3.11
0.32,Premium,H,SI1,61.3,60,449,4.36,4.42,2.69
0.42,Very Good,E,SI1,60,61,743,4.85,4.88,2.92
1.01,Very Good,J,VS1,59.5,59,4588,6.54,6.6,3.91
0.7,Ideal,F,VS2,61.4,56,3064,5.72,5.75,3.52
0.9,Very Good,H,SI1,63,58,3643,6.13,6.18,3.88
0.56,Ideal,F,VVS2,61.9,56,2462,5.29,5.32,3.28
0.33,Ideal,H,VVS2,61.6,55,633,4.48,4.51,2.77
1.03,Very Good,D,SI1,62.6,58,5498,6.44,6.49,4.05
1.21,Ideal,G,VVS1,61.4,58,10483,6.85,6.89,4.22
1.21,Premium,J,SI1,62.2,57,5266,6.84,6.76,4.23
0.57,Ideal,E,VS2,61.6,56,1728,5.34,5.38,3.3
0.71,Ideal,D,VS2,60.4,57,3135,5.77,5.82,3.5
0.5,Good,F,SI1,63.1,61,1043,5.06,4.98,3.17
0.78,Ideal,G,VS2,62.6,57,3325,5.87,5.91,3.69
0.32,Ideal,D,VS2,62.1,53,671,4.42,4.44,2.75
0.3,Ideal,E,VVS1,61.8,56,895,4.3,4.31,2.66
0.68,Premium,G,VS2,61.6,59,2081,5.65,5.64,3.48
0.54,Ideal,G,VVS2,61.8,56,1985,5.23,5.25,3.24
0.3,Ideal,E,VS1,61.1,58,673,4.3,4.34,2.64
0.3,Ideal,F,VS1,61.9,55,673,4.28,4.3,2.66
0.38,Ideal,E,SI2,62.1,54.1,628,4.64,4.69,2.9
1.5,Premium,I,VS1,62.7,59,10080,7.3,7.25,4.56
1.01,Premium,D,VS1,61.1,56,6733,6.43,6.36,3.91
1.36,Premium,G,I1,62.1,57,4509,7.11,7.06,4.4
1.46,Premium,I,SI2,62.4,59,5519,7.21,7.16,4.49
1.09,Premium,H,VS1,60.2,59,5860,6.71,6.67,4.03
0.77,Ideal,G,VS2,62.1,56,3114,5.85,5.88,3.64
0.26,Very Good,G,VVS2,62.3,56,486,4.07,4.09,2.54
1.5,Ideal,D,SI2,63,56,10122,7.3,7.25,4.58
0.32,Ideal,D,SI1,62,57,589,4.37,4.4,2.72
1.93,Ideal,F,SI1,59.5,60,18306,8.1,8.13,4.83
0.31,Very Good,G,VS2,63,54,544,4.33,4.37,2.74
1.01,Premium,D,VVS2,60.2,58,10147,6.57,6.51,3.94
1.21,Ideal,H,VVS2,60.4,57,7954,6.9,6.93,4.18
0.38,Ideal,J,VVS2,61.4,56,629,4.68,4.7,2.88
0.9,Very Good,G,SI2,62.1,58,3303,6.08,6.13,3.79
0.75,Premium,H,SI2,62.3,57,2234,5.79,5.73,3.59
1,Good,G,VS2,63.7,57,5484,6.32,6.28,4.01
1.03,Very Good,I,SI2,63.5,58,5884,6.38,6.4,4.06
1.02,Ideal,H,VS2,61.2,56,5312,6.53,6.48,3.98
1.5,Good,J,SI1,64,56,5914,7.21,7.16,4.6
0.3,Very Good,E,SI2,61.7,61,421,4.29,4.33,2.66
1.22,Premium,I,VS2,59.3,59,6156,7.01,6.96,4.14
1.71,Premium,D,SI2,60.6,60,13325,7.76,7.69,4.68
0.71,Very Good,I,VS2,60.4,60,2185,5.72,5.8,3.48
1.11,Very Good,J,SI1,62,58,3901,6.57,6.62,4.09
0.5,Good,D,SI1,63.7,56,1436,5.05,5.09,3.23
0.34,Good,H,VS1,64,58,689,4.49,4.45,2.86
1.59,Ideal,G,VVS1,59.9,56,16599,7.57,7.64,4.55
0.3,Good,G,VS1,63.1,59,605,4.25,4.27,2.69
0.94,Good,D,SI2,57.9,61,3125,6.48,6.43,3.74
0.51,Premium,F,VS1,61.4,58,1744,5.15,5.18,3.17
0.35,Ideal,F,VS2,62.4,55,906,4.53,4.51,2.82
0.42,Good,H,SI1,63.6,57,653,4.74,4.79,3.03
0.34,Very Good,G,VS1,62.2,55,640,4.48,4.52,2.8
1.03,Ideal,F,VVS2,62.1,55,9131,6.47,6.5,4.03
2.01,Fair,H,SI2,61.2,66,13587,8.21,8.09,4.98
0.6,Fair,G,VVS2,57.9,67,2167,5.66,5.47,3.23
0.5,Premium,G,VVS1,61,60,1966,5.08,5.12,3.11
1.13,Premium,G,SI1,60.9,58,5600,6.75,6.72,4.1
0.38,Ideal,E,VS2,61.5,55,813,4.67,4.7,2.88
0.76,Ideal,E,SI1,61.8,57,3170,5.84,5.87,3.62
0.51,Ideal,H,SI1,61.3,57,1161,5.1,5.14,3.14
0.55,Ideal,H,VS2,62,55,1664,5.31,5.28,3.28
0.72,Fair,H,SI2,65.9,57,2203,5.6,5.54,3.67
0.7,Good,H,VS2,58.9,65,2187,5.69,5.76,3.37
0.38,Ideal,D,VS1,62.1,53.9,1092,4.65,4.67,2.9
0.32,Premium,G,VS1,62.1,58,828,4.39,4.37,2.72
0.71,Very Good,D,SI1,63.6,58,2764,5.64,5.68,3.6
0.4,Ideal,G,VS1,61.8,57,868,4.73,4.75,2.93
0.38,Premium,D,SI1,60.7,60,941,4.69,4.63,2.83
0.9,Good,E,SI2,64.1,57,3084,6.09,6.07,3.9
2.27,Ideal,I,SI2,60.5,55,12939,8.63,8.53,5.19
0.91,Premium,H,SI1,62.2,60,3669,6.22,6.16,3.85
1.32,Premium,F,VS2,60.9,59,10423,7.12,7.06,4.32
0.31,Very Good,E,VVS2,62.4,56,749,4.32,4.35,2.7
0.87,Premium,F,SI2,61.6,58,2999,6.14,6.1,3.77
1.29,Good,I,I1,64.2,54,3098,6.93,6.83,4.42
1.04,Ideal,G,VS2,60.5,57,6955,6.56,6.62,3.99
1.13,Very Good,I,SI2,59.9,57,4195,6.76,6.8,4.06
0.36,Premium,E,VS1,61.3,58,852,4.56,4.58,2.8
0.52,Premium,D,VS2,60.9,58,1619,5.22,5.16,3.16
0.6,Premium,G,VVS2,59.7,60,2105,5.55,5.5,3.3
1.55,Ideal,J,VS1,59.5,60,8959,7.53,7.56,4.49
0.54,Ideal,E,SI1,61.7,56,1571,5.27,5.24,3.24
1.07,Premium,I,VS2,60.7,58,4491,6.62,6.66,4.03
1.28,Ideal,H,I1,61.9,56,3355,6.95,6.91,4.29
0.3,Ideal,H,VVS1,62.3,55,665,4.3,4.33,2.69
1.01,Good,I,SI2,64.1,58,3349,6.26,6.31,4.03
0.49,Premium,G,VS2,61,59,1225,5.13,5.06,3.11
1,Good,J,SI2,57.8,61,3536,6.54,6.58,3.79
1,Good,E,SI1,60.4,61,4916,6.37,6.44,3.87
0.59,Very Good,E,SI2,60.5,58,1325,5.43,5.51,3.31
0.74,Ideal,H,VVS1,62.5,55,3287,5.76,5.79,3.61
0.58,Good,D,SI2,56.7,60,1563,5.59,5.53,3.15
0.74,Premium,D,SI2,61.8,59,2291,5.85,5.83,3.61
0.7,Good,J,VVS2,63.2,55,1922,5.63,5.57,3.54
1.39,Premium,G,VS2,62,56,8874,7.18,7.14,4.44
0.78,Very Good,G,VS1,61.5,55,3472,5.92,5.97,3.66
1.2,Ideal,G,VS1,62.4,57.1,8698,6.72,6.79,4.23
1.53,Premium,G,SI2,58.5,59,6788,7.52,7.49,4.39
0.3,Premium,G,SI2,62.5,59,394,4.27,4.31,2.68
0.3,Ideal,E,SI1,61.9,57,564,4.29,4.32,2.66
0.7,Very Good,G,SI2,63.3,57,1814,5.61,5.51,3.52
0.35,Ideal,D,SI1,61.6,57,827,4.55,4.54,2.8
0.57,Very Good,F,VVS2,60.7,58,2351,5.32,5.35,3.24
0.9,Ideal,F,SI1,62.5,56,4054,6.13,6.16,3.84
0.35,Ideal,E,VVS1,60.7,57,1044,4.53,4.57,2.76
0.51,Premium,G,VS1,62,52,1781,5.37,5.05,3.23
0.59,Premium,D,SI1,62.3,54,1912,5.41,5.38,3.36
0.43,Ideal,E,SI1,62.3,57,792,4.78,4.82,2.99
1.53,Premium,I,SI2,62.7,62,7389,7.41,7.23,4.59
0.3,Ideal,G,IF,60.7,57,863,4.34,4.39,2.65
0.53,Good,E,SI2,63.4,56,1141,5.16,5.18,3.28
0.39,Ideal,F,VVS1,62.3,55,1124,4.67,4.7,2.92
0.28,Ideal,H,VS2,61.9,55,467,4.2,4.23,2.61
0.5,Very Good,G,VVS1,63.7,58,2180,5.01,5.04,5.06
0.25,Very Good,F,VVS1,64.2,58,548,3.96,4.01,2.56
0.9,Fair,D,SI2,64.9,57,3473,6.03,5.98,3.9
0.59,Very Good,I,VS2,62.4,58.4,1392,5.3,5.36,3.32
2,Very Good,E,SI2,58.1,60,15840,8.25,8.32,4.81
0.51,Ideal,D,VS1,61.6,57,2066,5.16,5.13,3.17
1.6,Premium,D,SI2,61.9,58,10064,7.54,7.49,4.65
0.3,Fair,F,VS2,64.5,55,662,4.31,4.19,2.74
0.38,Premium,G,SI1,60,60,855,4.72,4.65,2.81
0.35,Ideal,J,VVS1,62.1,53,540,4.53,4.55,2.82
0.71,Very Good,G,SI2,61.3,58,2081,5.73,5.75,3.52
1.86,Very Good,H,SI1,62.6,58,14383,7.77,7.82,4.88
0.42,Very Good,I,VS1,62.1,57,777,4.78,4.8,2.98
0.52,Ideal,E,VS2,61.3,55,1767,5.22,5.19,3.19
0.53,Premium,D,VS2,60.4,58,1857,5.23,5.26,3.17
1.04,Premium,H,VVS1,60.4,58,5102,6.58,6.53,3.96
0.39,Premium,D,VVS2,62.9,58,1290,4.66,4.62,2.92
0.56,Very Good,E,SI2,63.5,57,1259,5.24,5.21,3.32
0.82,Ideal,D,SI1,62.2,55,4135,5.97,5.99,3.72
1.01,Fair,E,SI2,56.8,66,3991,6.63,6.58,3.75
0.9,Very Good,H,VVS1,62.3,59,4977,6.09,6.15,3.81
0.5,Ideal,I,SI1,62,55,982,5.09,5.14,3.17
0.56,Ideal,D,SI2,61,57,1399,5.3,5.34,3.24
0.42,Premium,D,SI2,62.1,59,700,4.78,4.82,2.98
1.01,Premium,F,SI1,62.2,58,4775,6.35,6.28,3.93
0.41,Ideal,E,VS2,62.1,56,935,4.74,4.76,2.95
1.02,Very Good,E,SI2,63.3,59,4478,6.42,6.32,4.03
0.54,Ideal,G,VS1,60.7,57,2274,5.29,5.26,3.2
1.64,Premium,G,VS2,62.4,58,14201,7.49,7.52,4.68
1.72,Premium,H,SI1,61.4,59,12880,7.64,7.71,4.71
0.76,Ideal,I,SI1,61.9,56,2358,5.85,5.88,3.63
0.36,Good,G,SI1,63.3,56,537,4.5,4.53,2.86
0.3,Very Good,D,SI2,61.2,60,447,4.28,4.31,2.63
0.28,Ideal,E,VS2,61.5,56,598,4.22,4.24,2.6
1,Fair,F,SI1,68.7,55,3387,6.06,5.88,4.11
0.71,Ideal,H,VS1,62.1,55,2209,5.68,5.72,3.54
1,Premium,F,SI1,62.6,60,5197,6.3,6.32,3.95
0.91,Ideal,J,VS1,60.7,57,3267,6.23,6.26,3.79
0.31,Ideal,G,IF,62,54,891,4.36,4.38,2.71
0.32,Ideal,G,SI1,60.9,57,612,4.46,4.44,2.71
0.9,Ideal,F,SI1,62.5,57,4523,6.13,6.15,3.84
1.21,Premium,F,VS2,61.6,58,8660,6.88,6.79,4.21
1.52,Ideal,H,VS2,60.7,56,11206,7.49,7.41,4.52
1.7,Ideal,D,SI2,60.7,56,8911,7.78,7.71,4.7
0.3,Very Good,G,IF,62.8,57,895,4.28,4.32,2.7
0.4,Premium,F,VS1,61.4,58,982,4.73,4.75,2.91
0.61,Ideal,G,SI1,62,54,1579,5.48,5.5,3.4
0.58,Very Good,G,VS2,63.2,58,1336,5.36,5.28,3.36
0.71,Ideal,H,SI2,62.7,55,2317,5.68,5.64,3.56
0.31,Premium,G,VVS1,62.2,59,1046,4.32,4.3,2.68
0.71,Good,I,VVS2,63.6,57,2450,5.69,5.66,3.61
2,Very Good,E,SI2,60.5,60,16064,8.03,8.08,4.87
0.34,Ideal,F,VS2,62.1,56,880,4.47,4.45,2.77
0.38,Very Good,F,SI2,61,61,600,4.61,4.67,2.83
0.35,Premium,H,VS1,62.6,58,788,4.52,4.49,2.82
1.22,Good,G,SI2,64,61,4181,6.75,6.68,4.3
1.01,Premium,I,VVS1,62,59,4989,6.39,6.32,3.94
1.83,Premium,E,SI2,62,57,12492,7.89,7.81,4.87
0.4,Good,D,SI2,64,56,775,4.7,4.64,2.99
0.6,Good,G,VS2,59.8,61.9,1793,5.45,5.5,3.27
0.3,Ideal,H,VVS2,61.1,55,605,4.32,4.36,2.65
0.34,Good,I,VVS2,63.1,56,596,4.43,4.47,2.81
0.7,Very Good,G,VS2,63.3,56,2464,5.59,5.66,3.56
1.44,Premium,I,SI1,62.9,59,7580,7.2,7.15,4.51
0.93,Premium,F,VS2,62.1,59,4961,6.24,6.28,3.89
0.61,Good,G,VS2,59.9,61,1668,5.48,5.6,3.32
0.23,Very Good,F,VS2,59.1,59,402,4.02,4.07,2.39
1.52,Premium,H,VS1,58.4,59,11853,7.55,7.52,4.4
0.31,Very Good,G,VVS2,62.9,58,707,4.28,4.3,2.7
2.03,Very Good,G,SI1,60.1,60,18630,8.09,8.18,4.89
0.41,Ideal,D,SI1,63,56,920,4.8,4.75,3.01
0.3,Ideal,F,VS1,61.5,55,587,4.33,4.35,2.67
0.7,Fair,E,SI1,57.2,66,2000,5.76,5.74,3.29
0.58,Ideal,H,SI1,60.9,57,1421,5.38,5.33,3.26
0.71,Premium,F,VVS1,60.9,58,3604,5.76,5.8,3.52
0.9,Premium,E,VS2,62.3,55,4062,6.18,6.14,3.84
0.74,Ideal,G,SI2,62.7,56,2423,5.75,5.8,3.62
0.45,Ideal,E,VVS2,61.9,56,1337,4.91,4.95,3.05
0.6,Premium,E,VS2,62.7,58,1819,5.34,5.37,3.36
1.09,Very Good,I,SI2,62.5,57,4584,6.56,6.58,4.11
0.5,Premium,D,SI1,61.2,60,1654,5.14,5.09,3.13
0.78,Very Good,G,VS2,61.3,60,3012,5.89,5.96,3.63
0.41,Premium,G,VS1,61.9,60,961,4.76,4.7,2.93
0.43,Ideal,I,IF,62,55,1129,4.85,4.83,3
0.41,Ideal,E,VS1,62.3,53,863,4.74,4.76,2.96
0.4,Very Good,E,VS2,62.2,58,912,4.67,4.72,2.92
0.9,Very Good,I,VS2,63.2,56,3570,6.15,6.09,3.87
0.39,Ideal,G,VS2,61.5,57,745,4.69,4.74,2.9
0.32,Premium,D,VS2,61.7,58,972,4.38,4.34,2.69
0.54,Ideal,G,IF,61.5,56,2177,5.28,5.25,3.24
0.37,Ideal,H,IF,61.8,55,936,4.65,4.67,2.88
0.63,Ideal,E,VS2,62.1,56,2156,5.54,5.51,3.43
0.97,Good,J,VS2,64.3,58,3129,6.25,6.22,4.01
0.3,Very Good,H,VVS2,62,59,581,4.27,4.34,2.67
1.01,Very Good,G,I1,62.4,59,3288,6.35,6.41,3.98
1.05,Premium,G,VVS2,59.5,61,8702,6.69,6.63,3.96
1.51,Very Good,G,SI2,60.5,54.6,8637,7.36,7.4,4.46
1.55,Premium,H,VS1,62.6,58,11562,7.4,7.34,4.61
1.63,Premium,F,SI1,59.7,62,12394,7.73,7.65,4.59
1.1,Premium,H,SI1,62,58,5267,6.68,6.6,4.12
0.6,Very Good,F,SI1,62.1,57.4,1715,5.39,5.45,3.35
0.31,Ideal,D,VS2,62.3,55,942,4.37,4.33,2.71
2.4,Ideal,J,SI1,62.7,57,16687,8.6,8.5,5.36
1.04,Ideal,G,VVS1,62.5,55,8268,6.54,6.45,4.06
1.56,Premium,F,SI2,63,58,6971,7.35,7.28,4.66
1.23,Ideal,I,SI2,62.1,56,5175,6.84,6.88,4.26
1.01,Ideal,E,SI2,62.2,55,4984,6.4,6.43,3.99
1.62,Ideal,F,SI1,62.5,55,12857,7.56,7.52,4.71
0.37,Good,H,VS2,63.7,55,749,4.56,4.54,2.9
0.35,Ideal,H,VVS1,62,55,756,4.52,4.54,2.81
0.32,Very Good,F,SI1,62.7,57,533,4.37,4.4,2.75
0.72,Premium,G,SI1,62.8,60,2352,5.78,5.68,3.6
1.51,Premium,E,SI1,58.3,59,12644,7.52,7.47,4.37
0.51,Ideal,E,SI2,62.7,53,1177,5.09,5.12,3.2
0.31,Premium,D,VS1,59.7,58,788,4.4,4.45,2.64
1.22,Premium,I,SI2,61.5,61,4735,6.89,6.83,4.22
1,Good,F,SI1,63.6,62,4504,6.24,6.3,3.99
0.78,Very Good,H,SI2,63.1,56,2348,5.84,5.88,3.7
0.9,Good,G,VS2,64.4,62,4135,5.97,6.02,3.86
0.6,Ideal,I,SI1,62.1,55,1390,5.39,5.42,3.35
0.71,Premium,J,VS2,60.1,61,1968,5.82,5.77,3.48
0.54,Premium,G,SI2,61.4,59,1195,5.24,5.21,3.21
0.28,Very Good,E,VS1,61.8,55,489,4.21,4.24,2.61
0.33,Premium,F,SI2,62.3,58,434,4.4,4.43,2.75
0.3,Premium,H,SI1,61.2,60,421,4.29,4.31,2.63
0.51,Ideal,E,SI1,62.4,55,1343,5.09,5.14,3.19
2.52,Fair,G,I1,66.9,57,10076,8.39,8.33,5.6
0.5,Very Good,F,SI2,62.4,56,1147,5.08,5.12,3.18
1.59,Ideal,I,SI2,60.5,55,8975,7.62,7.55,4.59
1.51,Very Good,G,VS2,58.7,63,12551,7.45,7.4,4.36
1.66,Premium,J,SI1,60.7,58,8487,7.72,7.63,4.66
1.24,Very Good,J,SI1,60,59,5231,6.99,7.04,4.21
2.01,Premium,G,SI2,59.9,62,17014,8.15,8.04,4.85
0.33,Very Good,H,VS2,62.8,59,521,4.38,4.44,2.77
0.41,Ideal,I,VS2,61.5,55,683,4.79,4.83,2.96
0.33,Premium,I,VS2,62.6,58,594,4.42,4.34,2.74
0.25,Very Good,D,VS1,62.1,60,410,4.03,4.05,2.51
0.3,Fair,G,VVS1,58.6,66,790,4.36,4.41,2.57
0.4,Ideal,H,VVS2,62.2,56,1125,4.75,4.7,2.94
0.41,Good,H,SI1,63.8,56,876,4.74,4.69,3.01
0.71,Ideal,F,VS2,61.8,55,3516,5.74,5.76,3.55
1.01,Very Good,F,VS2,62.9,56,5902,6.38,6.41,4.02
0.54,Ideal,E,VS2,60.5,56,1847,5.28,5.26,3.19
1.7,Fair,H,SI2,64.5,55,9682,7.58,7.52,4.87
0.32,Premium,J,IF,61.2,59,533,4.41,4.44,2.71
1.7,Good,I,SI2,63.6,59,7464,7.62,7.52,4.8
1.1,Ideal,D,VS2,61.7,56,10350,6.63,6.67,4.1
0.5,Very Good,D,VS1,59.8,58,1893,5.12,5.14,3.07
0.91,Ideal,G,SI2,62.3,56,3664,6.18,6.22,3.86
0.3,Ideal,H,VS1,62.9,56,675,4.27,4.22,2.67
0.59,Very Good,E,VS2,61.7,60,1857,5.36,5.4,3.32
1.35,Premium,J,SI1,62.1,54,4082,7.15,7.09,4.42
0.41,Ideal,E,VVS1,61.5,56,1444,4.81,4.82,2.96
0.41,Ideal,E,VS1,61.5,56,1076,4.79,4.77,2.94
2.06,Premium,I,SI2,61.8,58,14803,8.22,8.11,5.05
0.34,Premium,E,VS2,61.9,58,745,4.43,4.45,2.75
1.08,Premium,H,SI1,62.6,58,5171,6.56,6.53,4.1
0.72,Premium,F,SI1,62,60,2385,5.77,5.74,3.57
0.41,Very Good,H,VVS2,62,56,873,4.77,4.81,2.97
0.38,Ideal,E,VS1,62.1,56,1000,4.62,4.65,2.88
0.31,Ideal,E,VS2,61.5,55,872,4.41,4.37,2.7
0.91,Very Good,F,SI2,60.6,56,4081,6.27,6.3,3.81
2,Very Good,H,SI1,60.1,61,15840,8.1,8.13,4.88
0.9,Very Good,E,SI2,62.4,57,3662,6.13,6.17,3.84
0.79,Premium,H,SI2,61.6,58,1998,5.98,5.94,3.67
1,Premium,H,SI1,58.3,60,4816,6.5,6.44,3.77
2.12,Ideal,I,SI2,61,57,15647,8.28,8.31,5.06
0.34,Ideal,E,VS1,61.2,57,805,4.45,4.5,2.74
0.38,Premium,E,VS2,62.2,59,1112,4.67,4.63,2.89
1.04,Ideal,G,VS2,61.4,57,6290,6.53,6.5,4
0.52,Ideal,G,VS2,60.8,57,1595,5.19,5.21,3.16
0.75,Ideal,H,SI1,61.9,55,3011,5.82,5.85,3.61
0.5,Very Good,D,VS1,62.3,57,1847,5.04,5.07,3.15
0.86,Ideal,E,SI1,62.3,54,3456,6.13,6.07,3.8
0.73,Ideal,J,VVS2,61.2,56,2482,5.81,5.85,3.57
0.51,Ideal,D,SI1,61.6,56,1569,5.1,5.12,3.15
0.9,Good,E,SI1,57.9,60,4190,6.3,6.34,3.66
1.01,Very Good,D,SI1,61.6,59,5815,6.42,6.47,3.97
1.14,Premium,D,SI2,59.2,61,5047,6.84,6.82,4.04
2.04,Premium,H,SI1,58.1,60,18795,8.37,8.28,4.84
1.4,Premium,F,VS1,58.8,61,12401,7.35,7.32,4.31
0.31,Very Good,E,VS2,61,59,680,4.33,4.39,2.66
